{
    "beta_bond": 13.253116674197503,
    "beta_anti": 1,
    "pre_exp": -8.437126283253143,
    "zeta": 2.1835482197358687,
    "R_param": 1.5829941963466407,
    "kappa_bond": "None",
    "kappa_anti": "None"
}