{
    "beta_bond": 5.827278205919308,
    "beta_anti": 35.64252188336678,
    "pre_exp": -31.659059697341572,
    "zeta": 19.456694854319394,
    "R_param": 0.0020386363975639027,
    "kappa_bond": "None",
    "kappa_anti": "None"
}