{
    "beta_bond": 6.63831874335757,
    "beta_anti": 17.44679546638341,
    "pre_exp": -1.787373093975475e-08,
    "zeta": 11.108761110661089,
    "R_param": 0.0688777920968749,
    "kappa_bond": "None",
    "kappa_anti": "None"
}