{
    "beta_bond": 6.492735825152026,
    "beta_anti": 1,
    "pre_exp": -76.30332577775148,
    "zeta": 27.0906233808744,
    "R_param": 1.4972928438190425,
    "kappa_bond": "None",
    "kappa_anti": "None"
}