{
    "beta_bond": 8.152011990941215,
    "beta_anti": 0.969802075152177,
    "pre_exp": -0.08382615466118182,
    "zeta": 50.23574097797621,
    "R_param": 0.9952819568529636,
    "kappa_bond": "None",
    "kappa_anti": "None"
}