{
    "beta_bond": 5.984856471245337,
    "beta_anti": 0.12136525567246254,
    "pre_exp": -12.983150729092785,
    "zeta": 14.573632180237183,
    "R_param": 1.0926778058222837,
    "kappa_bond": "None",
    "kappa_anti": "None"
}