{
    "beta_bond": 10.789243932181279,
    "beta_anti": 37.82843235205716,
    "pre_exp": -2.6688660170748335e-09,
    "zeta": 7.567150095231396,
    "R_param": 0.00881287256708145,
    "kappa_bond": "None",
    "kappa_anti": "None"
}