{
    "beta_bond": 52.16234904073039,
    "beta_anti": 1,
    "pre_exp": -16.82323820339724,
    "zeta": 4.139651806650373,
    "R_param": 1.5859093122250685,
    "kappa_bond": "None",
    "kappa_anti": "None"
}