{
    "beta_bond": 2.283565166632845,
    "beta_anti": 1,
    "pre_exp": -10.520750447211384,
    "zeta": 3.6616170008067668,
    "R_param": 1.2100027742153934,
    "kappa_bond": "None",
    "kappa_anti": "None"
}