{
    "beta_bond": 0.601726456223389,
    "beta_anti": 119.69967481671152,
    "pre_exp": -123.09809816035404,
    "zeta": 9.999632989391026,
    "R_param": 0.10738559081635458,
    "kappa_bond": "None",
    "kappa_anti": "None"
}