{
    "beta_bond": 11.8580299536351,
    "beta_anti": 55.68297938369544,
    "pre_exp": -1.5828205629851624,
    "zeta": 2.6699313748061497,
    "R_param": 1.5696675055048952,
    "kappa_bond": 73.33919274802354,
    "kappa_anti": 0.088504273757526
}