{
    "beta_bond": 5.589081117320335,
    "beta_anti": 43.80067855048424,
    "pre_exp": -0.013032865121509474,
    "zeta": 9.983835918002345,
    "R_param": 1.828841757159415,
    "kappa_bond": 4.615147581418054,
    "kappa_anti": 8.378453223262465
}