{
    "beta_bond": 10.033895704305488,
    "beta_anti": 5.623220559611356e-11,
    "pre_exp": -25.870450194609035,
    "zeta": 4.926091965528406,
    "R_param": 0.8965079080962022,
    "kappa_bond": 11.055699380422622,
    "kappa_anti": 1.3365221004244906e-14
}