{
    "beta_bond": 5.138489774918121,
    "beta_anti": 1,
    "pre_exp": -1.1809311264344586,
    "zeta": 9.984683800861823,
    "R_param": 1.9462997300854914,
    "kappa_bond": "None",
    "kappa_anti": "None"
}