{
    "beta_bond": 0.6904892076271855,
    "beta_anti": 44.63890448465278,
    "pre_exp": -99.00813479235246,
    "zeta": 5.501528778122946,
    "R_param": 0.9794485972242573,
    "kappa_bond": "None",
    "kappa_anti": "None"
}