{
    "beta_bond": 7.062166841143647,
    "beta_anti": 1,
    "pre_exp": -99.09957351101265,
    "zeta": 6.10047351801029,
    "R_param": 0.6088944072215074,
    "kappa_bond": "None",
    "kappa_anti": "None"
}