{
    "beta_bond": 13.132352169970943,
    "beta_anti": 1,
    "pre_exp": -99.7156479031364,
    "zeta": 3.2142887371239404,
    "R_param": 0.7635991695968191,
    "kappa_bond": 5.460972592896127,
    "kappa_anti": 24.816797320365342
}