{
    "beta_bond": 1.6163820042112202,
    "beta_anti": 1,
    "pre_exp": -82.67218633554876,
    "zeta": 6.477407112688525,
    "R_param": 0.0022012914548017407,
    "kappa_bond": "None",
    "kappa_anti": "None"
}