{
    "beta_bond": 19.651240226432655,
    "beta_anti": 7.585653558741752,
    "pre_exp": -42.53344067192029,
    "zeta": 2.7437141804841207,
    "R_param": 0.881919029239093,
    "kappa_bond": 1.1278748447982403,
    "kappa_anti": 97.80679164240227
}