{
    "beta_bond": 13.961381096558512,
    "beta_anti": 1,
    "pre_exp": -18.710447006152677,
    "zeta": 6.946183886457504,
    "R_param": 1.0930169184463425,
    "kappa_bond": "None",
    "kappa_anti": "None"
}