{
    "beta_bond": 15.417875743510102,
    "beta_anti": 2.1222468152158207e-10,
    "pre_exp": -12.609197493258563,
    "zeta": 5.765413732182338,
    "R_param": 1.2471251004594517,
    "kappa_bond": "None",
    "kappa_anti": "None"
}