{
    "beta_bond": 3.165664468116489,
    "beta_anti": 1,
    "pre_exp": -2.2831462593421747,
    "zeta": 1.99132759079248,
    "R_param": 0.01693416137725967,
    "kappa_bond": "None",
    "kappa_anti": "None"
}